<?xml version="1.0" ?>
<LOG_ROOT>
	<PROJECT NAME="relogio">
		<CBX_INST_ENTRY INSTANCE_NAME="|modo_relogio|decoder1:inst11|unidades_dezenas1:inst|lpm_divide:Mod0" CBX_FILE_NAME="lpm_divide_35m.tdf"/>
		<CBX_INST_ENTRY INSTANCE_NAME="|modo_relogio|decoder:inst13|unidades_dezenas:inst|lpm_divide:Mod0" CBX_FILE_NAME="lpm_divide_25m.tdf"/>
		<CBX_INST_ENTRY INSTANCE_NAME="|modo_relogio|decoder:inst14|unidades_dezenas:inst|lpm_divide:Div0" CBX_FILE_NAME="lpm_divide_vcm.tdf"/>
		<CBX_INST_ENTRY INSTANCE_NAME="|modo_relogio|decoder:inst15|unidades_dezenas:inst|lpm_divide:Mod0" CBX_FILE_NAME="lpm_divide_25m.tdf"/>
		<CBX_INST_ENTRY INSTANCE_NAME="|modo_relogio|decoder1:inst11|unidades_dezenas1:inst|lpm_divide:Div0" CBX_FILE_NAME="lpm_divide_0dm.tdf"/>
		<CBX_INST_ENTRY INSTANCE_NAME="|modo_relogio|decoder:inst13|unidades_dezenas:inst|lpm_divide:Div0" CBX_FILE_NAME="lpm_divide_vcm.tdf"/>
		<CBX_INST_ENTRY INSTANCE_NAME="|modo_relogio|decoder:inst14|unidades_dezenas:inst|lpm_divide:Mod0" CBX_FILE_NAME="lpm_divide_25m.tdf"/>
		<CBX_INST_ENTRY INSTANCE_NAME="|modo_relogio|decoder:inst15|unidades_dezenas:inst|lpm_divide:Div0" CBX_FILE_NAME="lpm_divide_vcm.tdf"/>
	</PROJECT>
</LOG_ROOT>
